timeStamp,elapsed,label,responseCode,responseMessage,threadName,dataType,success,failureMessage,bytes,sentBytes,grpThreads,allThreads,URL,Latency,IdleTime,Connect
1681275347708,440,1. /get_method,200,OK,HW_1 1-1,text,true,,168,150,3,3,http://162.55.220.72:5005/get_method?name=John&age=27,440,0,219
1681275347924,411,1. /get_method,200,OK,HW_1 1-2,text,true,,168,150,4,4,http://162.55.220.72:5005/get_method?name=John&age=27,410,0,206
1681275348161,440,2. /user_info_2,200,OK,HW_1 1-1,text,true,,470,780,5,5,http://162.55.220.72:5005/user_info_2,440,0,218
1681275348323,415,1. /get_method,200,OK,HW_1 1-4,text,true,,168,150,6,6,http://162.55.220.72:5005/get_method?name=John&age=27,414,0,207
1681275348337,439,2. /user_info_2,200,OK,HW_1 1-2,text,true,,470,795,6,6,http://162.55.220.72:5005/user_info_2,439,0,217
1681275348524,397,1. /get_method,200,OK,HW_1 1-5,text,true,,168,150,7,7,http://162.55.220.72:5005/get_method?name=John&age=27,397,0,199
1681275348602,430,3. /user_info_3,200,OK,HW_1 1-1,text,true,,371,795,7,7,http://162.55.220.72:5005/user_info_3,430,0,210
1681275348739,441,2. /user_info_2,200,OK,HW_1 1-4,text,true,,470,800,8,8,http://162.55.220.72:5005/user_info_2,440,0,217
1681275348723,459,1. /get_method,200,OK,HW_1 1-6,text,true,,168,150,8,8,http://162.55.220.72:5005/get_method?name=John&age=27,459,0,229
1681275348779,412,3. /user_info_3,200,OK,HW_1 1-2,text,true,,371,780,8,8,http://162.55.220.72:5005/user_info_3,412,0,205
1681275348922,439,1. /get_method,200,OK,HW_1 1-7,text,true,,168,150,9,9,http://162.55.220.72:5005/get_method?name=John&age=27,439,0,216
1681275348922,454,2. /user_info_2,200,OK,HW_1 1-5,text,true,,470,780,9,9,http://162.55.220.72:5005/user_info_2,454,0,224
1681275349033,423,4. /object_info_1,200,OK,HW_1 1-1,text,true,,229,163,9,9,http://162.55.220.72:5005/object_info_1?name=John&age=27&weight=80,422,0,210
1681275349124,466,1. /get_method,200,OK,HW_1 1-8,text,true,,168,150,10,10,http://162.55.220.72:5005/get_method?name=John&age=27,466,0,232
1681275349180,425,3. /user_info_3,200,OK,HW_1 1-4,text,true,,371,800,10,10,http://162.55.220.72:5005/user_info_3,425,0,211
1681275349183,434,2. /user_info_2,200,OK,HW_1 1-6,text,true,,470,795,10,10,http://162.55.220.72:5005/user_info_2,434,0,215
1681275349193,465,4. /object_info_1,200,OK,HW_1 1-2,text,true,,229,163,10,10,http://162.55.220.72:5005/object_info_1?name=John&age=27&weight=80,464,0,232
1681275349362,411,2. /user_info_2,200,OK,HW_1 1-7,text,true,,470,775,11,11,http://162.55.220.72:5005/user_info_2,411,0,204
1681275349315,450,1. /get_method,200,OK,HW_1 1-9,text,true,,168,150,11,11,http://162.55.220.72:5005/get_method?name=John&age=27,449,0,224
1681275349377,470,3. /user_info_3,200,OK,HW_1 1-5,text,true,,371,785,11,11,http://162.55.220.72:5005/user_info_3,469,0,231
1681275349456,409,5. /object_info_2,200,OK,HW_1 1-1,text,true,,470,166,11,11,http://162.55.220.72:5005/object_info_2?name=John&age=27&salary=10000,409,0,203
1681275349523,454,1. /get_method,200,OK,HW_1 1-10,text,true,,168,150,12,12,http://162.55.220.72:5005/get_method?name=John&age=27,453,0,224
1681275349606,416,4. /object_info_1,200,OK,HW_1 1-4,text,true,,229,163,12,12,http://162.55.220.72:5005/object_info_1?name=John&age=27&weight=80,416,0,203
1681275349591,445,2. /user_info_2,200,OK,HW_1 1-8,text,true,,470,795,12,12,http://162.55.220.72:5005/user_info_2,445,0,216
1681275349618,461,3. /user_info_3,200,OK,HW_1 1-6,text,true,,371,765,12,12,http://162.55.220.72:5005/user_info_3,461,0,228
1681275349660,424,5. /object_info_2,200,OK,HW_1 1-2,text,true,,470,166,12,12,http://162.55.220.72:5005/object_info_2?name=John&age=27&salary=10000,423,0,209
1681275349775,395,2. /user_info_2,200,OK,HW_1 1-9,text,true,,470,770,13,13,http://162.55.220.72:5005/user_info_2,395,0,197
1681275349709,462,1. /get_method,200,OK,HW_1 1-11,text,true,,168,150,13,13,http://162.55.220.72:5005/get_method?name=John&age=27,462,0,231
1681275349776,439,3. /user_info_3,200,OK,HW_1 1-7,text,true,,371,775,13,13,http://162.55.220.72:5005/user_info_3,439,0,218
1681275349866,408,6. /object_info_3,200,OK,HW_1 1-1,text,true,,526,166,13,13,http://162.55.220.72:5005/object_info_3?name=John&age=27&salary=10000,408,0,203
1681275349848,461,4. /object_info_1,200,OK,HW_1 1-5,text,true,,229,163,14,14,http://162.55.220.72:5005/object_info_1?name=John&age=27&weight=80,460,0,229
1681275349922,433,1. /get_method,200,OK,HW_1 1-12,text,true,,168,150,14,14,http://162.55.220.72:5005/get_method?name=John&age=27,433,0,215
1681275349977,437,2. /user_info_2,200,OK,HW_1 1-10,text,true,,470,810,14,14,http://162.55.220.72:5005/user_info_2,437,0,216
1681275350023,423,5. /object_info_2,200,OK,HW_1 1-4,text,true,,470,166,14,14,http://162.55.220.72:5005/object_info_2?name=John&age=27&salary=10000,423,0,210
1681275350037,455,3. /user_info_3,200,OK,HW_1 1-8,text,true,,371,800,14,14,http://162.55.220.72:5005/user_info_3,454,0,223
1681275350084,431,6. /object_info_3,200,OK,HW_1 1-2,text,true,,526,166,14,14,http://162.55.220.72:5005/object_info_3?name=John&age=27&salary=10000,431,0,212
1681275350078,438,4. /object_info_1,200,OK,HW_1 1-6,text,true,,229,163,14,14,http://162.55.220.72:5005/object_info_1?name=John&age=27&weight=80,437,0,216
1681275350109,436,1. /get_method,200,OK,HW_1 1-13,text,true,,168,150,15,15,http://162.55.220.72:5005/get_method?name=John&age=27,436,0,215
1681275350169,413,3. /user_info_3,200,OK,HW_1 1-9,text,true,,371,765,15,15,http://162.55.220.72:5005/user_info_3,412,0,203
1681275350171,433,2. /user_info_2,200,OK,HW_1 1-11,text,true,,470,805,15,15,http://162.55.220.72:5005/user_info_2,433,0,212
1681275350215,407,4. /object_info_1,200,OK,HW_1 1-7,text,true,,229,163,15,15,http://162.55.220.72:5005/object_info_1?name=John&age=27&weight=80,407,0,201
1681275350274,422,7. /object_info_4,200,OK,HW_1 1-1,text,true,,239,166,15,15,http://162.55.220.72:5005/object_info_4?name=John&age=27&salary=10000,422,0,210
1681275350308,392,5. /object_info_2,200,OK,HW_1 1-5,text,true,,470,166,15,15,http://162.55.220.72:5005/object_info_2?name=John&age=27&salary=10000,392,0,195
1681275350308,452,1. /get_method,200,OK,HW_1 1-14,text,true,,168,150,16,16,http://162.55.220.72:5005/get_method?name=John&age=27,452,0,225
1681275350354,443,2. /user_info_2,200,OK,HW_1 1-12,text,true,,470,800,16,16,http://162.55.220.72:5005/user_info_2,443,0,218
1681275350445,396,6. /object_info_3,200,OK,HW_1 1-4,text,true,,526,166,16,16,http://162.55.220.72:5005/object_info_3?name=John&age=27&salary=10000,396,0,197
1681275350414,465,3. /user_info_3,200,OK,HW_1 1-10,text,true,,371,790,16,16,http://162.55.220.72:5005/user_info_3,465,0,230
1681275350517,425,7. /object_info_4,200,OK,HW_1 1-2,text,true,,239,166,17,17,http://162.55.220.72:5005/object_info_4?name=John&age=27&salary=10000,424,0,212
1681275350521,422,1. /get_method,200,OK,HW_1 1-15,text,true,,168,150,17,17,http://162.55.220.72:5005/get_method?name=John&age=27,422,0,210
1681275350491,460,4. /object_info_1,200,OK,HW_1 1-8,text,true,,229,163,17,17,http://162.55.220.72:5005/object_info_1?name=John&age=27&weight=80,460,0,229
1681275350546,413,2. /user_info_2,200,OK,HW_1 1-13,text,true,,470,795,17,17,http://162.55.220.72:5005/user_info_2,413,0,204
1681275350517,470,5. /object_info_2,200,OK,HW_1 1-6,text,true,,470,166,17,17,http://162.55.220.72:5005/object_info_2?name=John&age=27&salary=10000,470,0,230
1681275350582,463,4. /object_info_1,200,OK,HW_1 1-9,text,true,,229,163,17,17,http://162.55.220.72:5005/object_info_1?name=John&age=27&weight=80,463,0,231
1681275350605,452,3. /user_info_3,200,OK,HW_1 1-11,text,true,,371,780,17,17,http://162.55.220.72:5005/user_info_3,451,0,223
1681275350623,447,5. /object_info_2,200,OK,HW_1 1-7,text,true,,470,166,17,17,http://162.55.220.72:5005/object_info_2?name=John&age=27&salary=10000,447,0,221
1681275350713,408,1. /get_method,200,OK,HW_1 1-16,text,true,,168,150,18,18,http://162.55.220.72:5005/get_method?name=John&age=27,407,0,202
1681275350696,472,8. /login,200,OK,HW_1 1-1,text,true,,219,638,18,18,http://162.55.220.72:5005/login,472,0,233
1681275350701,472,6. /object_info_3,200,OK,HW_1 1-5,text,true,,526,166,18,18,http://162.55.220.72:5005/object_info_3?name=John&age=27&salary=10000,472,0,230
1681275350784,440,2. /user_info_2,200,OK,HW_1 1-14,text,true,,470,775,18,18,http://162.55.220.72:5005/user_info_2,439,0,218
1681275350797,467,3. /user_info_3,200,OK,HW_1 1-12,text,true,,371,810,18,18,http://162.55.220.72:5005/user_info_3,467,0,232
1681275350842,436,7. /object_info_4,200,OK,HW_1 1-4,text,true,,239,166,18,18,http://162.55.220.72:5005/object_info_4?name=John&age=27&salary=10000,436,0,215
1681275350880,434,4. /object_info_1,200,OK,HW_1 1-10,text,true,,229,163,18,18,http://162.55.220.72:5005/object_info_1?name=John&age=27&weight=80,434,0,216
1681275350910,465,1. /get_method,200,OK,HW_1 1-17,text,true,,168,150,19,19,http://162.55.220.72:5005/get_method?name=John&age=27,465,0,229
1681275350952,424,5. /object_info_2,200,OK,HW_1 1-8,text,true,,470,166,19,19,http://162.55.220.72:5005/object_info_2?name=John&age=27&salary=10000,424,0,211
1681275350988,404,6. /object_info_3,200,OK,HW_1 1-6,text,true,,526,166,19,19,http://162.55.220.72:5005/object_info_3?name=John&age=27&salary=10000,404,0,198
1681275350944,449,2. /user_info_2,200,OK,HW_1 1-15,text,true,,470,795,19,19,http://162.55.220.72:5005/user_info_2,449,0,217
1681275350943,451,8. /login,200,OK,HW_1 1-2,text,true,,219,610,19,19,http://162.55.220.72:5005/login,451,0,218
1681275350960,449,3. /user_info_3,200,OK,HW_1 1-13,text,true,,371,800,19,19,http://162.55.220.72:5005/user_info_3,449,0,217
1681275351045,396,5. /object_info_2,200,OK,HW_1 1-9,text,true,,470,166,19,19,http://162.55.220.72:5005/object_info_2?name=John&age=27&salary=10000,396,0,196
1681275351057,427,4. /object_info_1,200,OK,HW_1 1-11,text,true,,229,163,19,19,http://162.55.220.72:5005/object_info_1?name=John&age=27&weight=80,426,0,211
1681275351070,454,6. /object_info_3,200,OK,HW_1 1-7,text,true,,526,166,20,20,http://162.55.220.72:5005/object_info_3?name=John&age=27&salary=10000,454,0,225
1681275351109,464,1. /get_method,200,OK,HW_1 1-18,text,true,,168,150,20,20,http://162.55.220.72:5005/get_method?name=John&age=27,464,0,231
1681275351169,418,9. /new_data,200,OK,HW_1 1-1,text,true,,239,1037,20,20,http://162.55.220.72:5005/new_data,418,0,206
1681275351121,495,2. /user_info_2,200,OK,HW_1 1-16,text,true,,470,785,20,20,http://162.55.220.72:5005/user_info_2,494,0,241
1681275351183,471,7. /object_info_4,200,OK,HW_1 1-5,text,true,,239,166,20,20,http://162.55.220.72:5005/object_info_4?name=John&age=27&salary=10000,471,0,229
1681275351224,456,3. /user_info_3,200,OK,HW_1 1-14,text,true,,371,775,20,20,http://162.55.220.72:5005/user_info_3,456,0,224
1681275351298,425,8. /login,200,OK,HW_1 1-4,text,true,,218,638,20,20,http://162.55.220.72:5005/login,425,0,210
1681275351298,425,4. /object_info_1,200,OK,HW_1 1-12,text,true,,229,163,20,20,http://162.55.220.72:5005/object_info_1?name=John&age=27&weight=80,424,0,209
1681275351322,424,1. /get_method,200,OK,HW_1 1-19,text,true,,168,150,21,21,http://162.55.220.72:5005/get_method?name=John&age=27,424,0,211
1681275351315,445,5. /object_info_2,200,OK,HW_1 1-10,text,true,,470,166,21,21,http://162.55.220.72:5005/object_info_2?name=John&age=27&salary=10000,444,0,221
1681275351377,448,6. /object_info_3,200,OK,HW_1 1-8,text,true,,526,166,21,21,http://162.55.220.72:5005/object_info_3?name=John&age=27&salary=10000,447,0,228
1681275351376,468,2. /user_info_2,200,OK,HW_1 1-17,text,true,,470,780,21,21,http://162.55.220.72:5005/user_info_2,468,0,235
1681275351410,434,4. /object_info_1,200,OK,HW_1 1-13,text,true,,229,163,21,21,http://162.55.220.72:5005/object_info_1?name=John&age=27&weight=80,433,0,220
1681275351442,406,6. /object_info_3,200,OK,HW_1 1-9,text,true,,526,166,21,21,http://162.55.220.72:5005/object_info_3?name=John&age=27&salary=10000,406,0,203
1681275351396,455,9. /new_data,200,OK,HW_1 1-2,text,true,,239,1007,21,21,http://162.55.220.72:5005/new_data,455,0,239
1681275351393,461,7. /object_info_4,200,OK,HW_1 1-6,text,true,,239,166,21,21,http://162.55.220.72:5005/object_info_4?name=John&age=27&salary=10000,461,0,235
1681275351393,477,3. /user_info_3,200,OK,HW_1 1-15,text,true,,371,795,21,21,http://162.55.220.72:5005/user_info_3,476,0,243
1681275351525,423,7. /object_info_4,200,OK,HW_1 1-7,text,true,,239,166,22,22,http://162.55.220.72:5005/object_info_4?name=John&age=27&salary=10000,423,0,210
1681275351509,466,1. /get_method,200,OK,HW_1 1-20,text,true,,168,150,22,22,http://162.55.220.72:5005/get_method?name=John&age=27,466,0,232
1681275351588,433,10. /test_pet_info,200,OK,HW_1 1-1,text,true,,229,322,22,22,http://162.55.220.72:5005/test_pet_info,433,0,211
1681275351574,459,2. /user_info_2,200,OK,HW_1 1-18,text,true,,470,775,22,22,http://162.55.220.72:5005/user_info_2,459,0,225
1681275351616,429,3. /user_info_3,200,OK,HW_1 1-16,text,true,,371,765,22,22,http://162.55.220.72:5005/user_info_3,429,0,208
1681275351681,425,4. /object_info_1,200,OK,HW_1 1-14,text,true,,229,163,22,22,http://162.55.220.72:5005/object_info_1?name=John&age=27&weight=80,425,0,210
1681275351655,472,8. /login,200,OK,HW_1 1-5,text,true,,218,606,23,23,http://162.55.220.72:5005/login,472,0,229
1681275351723,430,5. /object_info_2,200,OK,HW_1 1-12,text,true,,470,166,23,23,http://162.55.220.72:5005/object_info_2?name=John&age=27&salary=10000,429,0,213
1681275351725,440,1. /get_method,200,OK,HW_1 1-21,text,true,,168,150,23,23,http://162.55.220.72:5005/get_method?name=John&age=27,440,0,216
1681275351723,442,9. /new_data,200,OK,HW_1 1-4,text,true,,239,1019,23,23,http://162.55.220.72:5005/new_data,442,0,217
1681275351747,426,2. /user_info_2,200,OK,HW_1 1-19,text,true,,470,805,23,23,http://162.55.220.72:5005/user_info_2,425,0,210
1681275351844,422,5. /object_info_2,200,OK,HW_1 1-13,text,true,,470,166,23,23,http://162.55.220.72:5005/object_info_2?name=John&age=27&salary=10000,422,0,209
1681275351870,440,4. /object_info_1,200,OK,HW_1 1-15,text,true,,229,163,23,23,http://162.55.220.72:5005/object_info_1?name=John&age=27&weight=80,440,0,218
1681275351854,467,8. /login,200,OK,HW_1 1-6,text,true,,219,614,23,23,http://162.55.220.72:5005/login,467,0,231
1681275351812,464,6. /object_info_3,200,OK,HW_1 1-10,text,true,,526,166,23,23,http://162.55.220.72:5005/object_info_3?name=John&age=27&salary=10000,464,0,229
1681275351844,451,3. /user_info_3,200,OK,HW_1 1-17,text,true,,371,765,23,23,http://162.55.220.72:5005/user_info_3,451,0,225
1681275351854,436,10. /test_pet_info,200,OK,HW_1 1-2,text,true,,229,322,23,23,http://162.55.220.72:5005/test_pet_info,436,0,216
1681275351825,453,7. /object_info_4,200,OK,HW_1 1-8,text,true,,239,166,23,23,http://162.55.220.72:5005/object_info_4?name=John&age=27&salary=10000,452,0,224
1681275351849,425,7. /object_info_4,200,OK,HW_1 1-9,text,true,,239,166,23,23,http://162.55.220.72:5005/object_info_4?name=John&age=27&salary=10000,425,0,211
1681275351910,446,1. /get_method,200,OK,HW_1 1-22,text,true,,168,150,24,24,http://162.55.220.72:5005/get_method?name=John&age=27,445,0,218
1681275351949,461,8. /login,200,OK,HW_1 1-7,text,true,,218,630,24,24,http://162.55.220.72:5005/login,461,0,228
1681275352034,396,3. /user_info_3,200,OK,HW_1 1-18,text,true,,371,770,24,24,http://162.55.220.72:5005/user_info_3,396,0,196
1681275351975,461,2. /user_info_2,200,OK,HW_1 1-20,text,true,,470,760,24,24,http://162.55.220.72:5005/user_info_2,461,0,229
1681275352021,423,11. /get_test_user,200,OK,HW_1 1-1,text,true,,371,994,24,24,http://162.55.220.72:5005/get_test_user,423,0,210
1681275352046,417,4. /object_info_1,200,OK,HW_1 1-16,text,true,,229,163,23,23,http://162.55.220.72:5005/object_info_1?name=John&age=27&weight=80,417,0,208
1681275352125,396,1. /get_method,200,OK,HW_1 1-23,text,true,,168,150,24,24,http://162.55.220.72:5005/get_method?name=John&age=27,395,0,196
1681275352107,422,5. /object_info_2,200,OK,HW_1 1-14,text,true,,470,166,24,24,http://162.55.220.72:5005/object_info_2?name=John&age=27&salary=10000,422,0,210
1681275352128,410,9. /new_data,200,OK,HW_1 1-5,text,true,,239,977,24,24,http://162.55.220.72:5005/new_data,410,0,201
1681275352154,435,6. /object_info_3,200,OK,HW_1 1-12,text,true,,526,166,24,24,http://162.55.220.72:5005/object_info_3?name=John&age=27&salary=10000,435,0,210
1681275352167,434,10. /test_pet_info,200,OK,HW_1 1-4,text,true,,229,322,24,24,http://162.55.220.72:5005/test_pet_info,434,0,215
1681275352173,455,3. /user_info_3,200,OK,HW_1 1-19,text,true,,371,765,24,24,http://162.55.220.72:5005/user_info_3,455,0,224
1681275352167,464,2. /user_info_2,200,OK,HW_1 1-21,text,true,,470,810,24,24,http://162.55.220.72:5005/user_info_2,464,0,230
1681275352347,393,7. /object_info_4,200,OK,HW_1 1-10,text,true,,239,166,25,25,http://162.55.220.72:5005/object_info_4?name=John&age=27&salary=10000,392,0,195
1681275352344,406,6. /object_info_3,200,OK,HW_1 1-13,text,true,,526,166,25,25,http://162.55.220.72:5005/object_info_3?name=John&age=27&salary=10000,406,0,203
1681275352344,410,5. /object_info_2,200,OK,HW_1 1-15,text,true,,470,166,25,25,http://162.55.220.72:5005/object_info_2?name=John&age=27&salary=10000,409,0,204
1681275352356,468,2. /user_info_2,200,OK,HW_1 1-22,text,true,,470,795,25,25,http://162.55.220.72:5005/user_info_2,468,0,229
1681275352346,459,9. /new_data,200,OK,HW_1 1-6,text,true,,239,1001,25,25,http://162.55.220.72:5005/new_data,459,0,222
1681275352431,422,4. /object_info_1,200,OK,HW_1 1-18,text,true,,229,163,25,25,http://162.55.220.72:5005/object_info_1?name=John&age=27&weight=80,422,0,209
1681275352323,461,1. /get_method,200,OK,HW_1 1-24,text,true,,168,150,25,25,http://162.55.220.72:5005/get_method?name=John&age=27,460,0,230
1681275352354,472,8. /login,200,OK,HW_1 1-9,text,true,,219,634,25,25,http://162.55.220.72:5005/login,472,0,231
1681275352349,432,11. /get_test_user,200,OK,HW_1 1-2,text,true,,371,1030,25,25,http://162.55.220.72:5005/get_test_user,432,0,214
1681275352351,424,4. /object_info_1,200,OK,HW_1 1-17,text,true,,229,163,25,25,http://162.55.220.72:5005/object_info_1?name=John&age=27&weight=80,423,0,211
1681275352411,456,9. /new_data,200,OK,HW_1 1-7,text,true,,239,989,24,24,http://162.55.220.72:5005/new_data,456,0,218
1681275352437,428,3. /user_info_3,200,OK,HW_1 1-20,text,true,,371,785,25,25,http://162.55.220.72:5005/user_info_3,427,0,210
1681275352463,436,5. /object_info_2,200,OK,HW_1 1-16,text,true,,470,166,24,24,http://162.55.220.72:5005/object_info_2?name=John&age=27&salary=10000,436,0,217
1681275352507,425,1. /get_method,200,OK,HW_1 1-25,text,true,,168,150,25,25,http://162.55.220.72:5005/get_method?name=John&age=27,425,0,212
1681275352521,442,2. /user_info_2,200,OK,HW_1 1-23,text,true,,470,780,25,25,http://162.55.220.72:5005/user_info_2,442,0,217
1681275352529,460,6. /object_info_3,200,OK,HW_1 1-14,text,true,,526,166,25,25,http://162.55.220.72:5005/object_info_3?name=John&age=27&salary=10000,459,0,228
1681275352538,451,10. /test_pet_info,200,OK,HW_1 1-5,text,true,,229,322,25,25,http://162.55.220.72:5005/test_pet_info,450,0,221
1681275352589,449,7. /object_info_4,200,OK,HW_1 1-12,text,true,,239,166,25,25,http://162.55.220.72:5005/object_info_4?name=John&age=27&salary=10000,448,0,224
1681275352631,424,3. /user_info_3,200,OK,HW_1 1-21,text,true,,371,805,25,25,http://162.55.220.72:5005/user_info_3,424,0,210
1681275352602,453,11. /get_test_user,200,OK,HW_1 1-4,text,true,,371,1036,25,25,http://162.55.220.72:5005/get_test_user,453,0,224
1681275352629,446,4. /object_info_1,200,OK,HW_1 1-19,text,true,,229,163,24,24,http://162.55.220.72:5005/object_info_1?name=John&age=27&weight=80,445,0,221
1681275352722,410,1. /get_method,200,OK,HW_1 1-26,text,true,,168,150,25,25,http://162.55.220.72:5005/get_method?name=John&age=27,410,0,202
1681275352740,401,8. /login,200,OK,HW_1 1-10,text,true,,219,606,25,25,http://162.55.220.72:5005/login,400,0,197
1681275352754,421,6. /object_info_3,200,OK,HW_1 1-15,text,true,,526,166,25,25,http://162.55.220.72:5005/object_info_3?name=John&age=27&salary=10000,421,0,209
1681275352867,465,5. /object_info_2,200,OK,HW_1 1-17,text,true,,470,166,26,26,http://162.55.220.72:5005/object_info_2?name=John&age=27&salary=10000,465,0,229
1681275352900,432,6. /object_info_3,200,OK,HW_1 1-16,text,true,,526,166,26,26,http://162.55.220.72:5005/object_info_3?name=John&age=27&salary=10000,432,0,212
1681275352854,477,10. /test_pet_info,200,OK,HW_1 1-6,text,true,,229,322,26,26,http://162.55.220.72:5005/test_pet_info,477,0,235
1681275352855,476,5. /object_info_2,200,OK,HW_1 1-18,text,true,,470,166,26,26,http://162.55.220.72:5005/object_info_2?name=John&age=27&salary=10000,476,0,234
1681275352854,477,3. /user_info_3,200,OK,HW_1 1-22,text,true,,371,790,26,26,http://162.55.220.72:5005/user_info_3,477,0,235
1681275352869,448,10. /test_pet_info,200,OK,HW_1 1-7,text,true,,229,322,26,26,http://162.55.220.72:5005/test_pet_info,448,0,222
1681275352864,441,9. /new_data,200,OK,HW_1 1-9,text,true,,239,1001,25,25,http://162.55.220.72:5005/new_data,441,0,217
1681275352869,423,4. /object_info_1,200,OK,HW_1 1-20,text,true,,229,163,25,25,http://162.55.220.72:5005/object_info_1?name=John&age=27&weight=80,423,0,211
1681275352855,420,2. /user_info_2,200,OK,HW_1 1-24,text,true,,470,795,25,25,http://162.55.220.72:5005/user_info_2,419,0,212
1681275352932,435,2. /user_info_2,200,OK,HW_1 1-25,text,true,,470,775,26,26,http://162.55.220.72:5005/user_info_2,434,0,215
1681275352921,464,1. /get_method,200,OK,HW_1 1-27,text,true,,168,150,26,26,http://162.55.220.72:5005/get_method?name=John&age=27,464,0,232
1681275352989,420,7. /object_info_4,200,OK,HW_1 1-14,text,true,,239,166,26,26,http://162.55.220.72:5005/object_info_4?name=John&age=27&salary=10000,420,0,209
1681275352964,463,3. /user_info_3,200,OK,HW_1 1-23,text,true,,371,810,26,26,http://162.55.220.72:5005/user_info_3,463,0,224
1681275352989,452,11. /get_test_user,200,OK,HW_1 1-5,text,true,,371,1030,26,26,http://162.55.220.72:5005/get_test_user,451,0,224
1681275353056,445,4. /object_info_1,200,OK,HW_1 1-21,text,true,,229,163,25,25,http://162.55.220.72:5005/object_info_1?name=John&age=27&weight=80,444,0,219
1681275353046,466,8. /login,200,OK,HW_1 1-12,text,true,,219,610,25,25,http://162.55.220.72:5005/login,465,0,229
1681275353109,427,1. /get_method,200,OK,HW_1 1-28,text,true,,168,150,26,26,http://162.55.220.72:5005/get_method?name=John&age=27,427,0,206
1681275353075,466,5. /object_info_2,200,OK,HW_1 1-19,text,true,,470,166,26,26,http://162.55.220.72:5005/object_info_2?name=John&age=27&salary=10000,466,0,229
1681275353132,439,2. /user_info_2,200,OK,HW_1 1-26,text,true,,470,760,26,26,http://162.55.220.72:5005/user_info_2,439,0,216
1681275353141,442,9. /new_data,200,OK,HW_1 1-10,text,true,,239,1037,26,26,http://162.55.220.72:5005/new_data,442,0,218
1681275353176,436,7. /object_info_4,200,OK,HW_1 1-15,text,true,,239,166,26,26,http://162.55.220.72:5005/object_info_4?name=John&age=27&salary=10000,435,0,217
1681275353308,397,1. /get_method,200,OK,HW_1 1-29,text,true,,168,150,26,26,http://162.55.220.72:5005/get_method?name=John&age=27,396,0,197
1681275352353,1507,8. /login,200,OK,HW_1 1-8,text,true,,219,622,27,27,http://162.55.220.72:5005/login,1507,0,215
1681275353386,455,2. /user_info_2,200,OK,HW_1 1-27,text,true,,470,795,27,27,http://162.55.220.72:5005/user_info_2,455,0,224
1681275353428,449,4. /object_info_1,200,OK,HW_1 1-23,text,true,,229,163,27,27,http://162.55.220.72:5005/object_info_1?name=John&age=27&weight=80,449,0,223
1681275353358,475,3. /user_info_3,200,OK,HW_1 1-24,text,true,,371,805,27,27,http://162.55.220.72:5005/user_info_3,475,0,229
1681275353357,472,11. /get_test_user,200,OK,HW_1 1-7,text,true,,371,1036,27,27,http://162.55.220.72:5005/get_test_user,471,0,228
1681275353357,465,10. /test_pet_info,200,OK,HW_1 1-9,text,true,,229,322,27,27,http://162.55.220.72:5005/test_pet_info,465,0,225
1681275353367,451,3. /user_info_3,200,OK,HW_1 1-25,text,true,,371,800,27,27,http://162.55.220.72:5005/user_info_3,451,0,218
1681275353410,403,8. /login,200,OK,HW_1 1-14,text,true,,219,606,27,27,http://162.55.220.72:5005/login,403,0,199
1681275353357,454,4. /object_info_1,200,OK,HW_1 1-22,text,true,,229,163,27,27,http://162.55.220.72:5005/object_info_1?name=John&age=27&weight=80,454,0,223
1681275353356,455,6. /object_info_3,200,OK,HW_1 1-17,text,true,,526,166,27,27,http://162.55.220.72:5005/object_info_3?name=John&age=27&salary=10000,455,0,224
1681275353356,454,6. /object_info_3,200,OK,HW_1 1-18,text,true,,526,166,27,27,http://162.55.220.72:5005/object_info_3?name=John&age=27&salary=10000,454,0,219
1681275353356,442,7. /object_info_4,200,OK,HW_1 1-16,text,true,,239,166,27,27,http://162.55.220.72:5005/object_info_4?name=John&age=27&salary=10000,442,0,218
1681275353356,423,11. /get_test_user,200,OK,HW_1 1-6,text,true,,371,1042,27,27,http://162.55.220.72:5005/get_test_user,423,0,206
1681275353358,421,5. /object_info_2,200,OK,HW_1 1-20,text,true,,470,166,27,27,http://162.55.220.72:5005/object_info_2?name=John&age=27&salary=10000,420,0,204
1681275353512,402,9. /new_data,200,OK,HW_1 1-12,text,true,,239,1019,25,25,http://162.55.220.72:5005/new_data,402,0,198
1681275353542,390,6. /object_info_3,200,OK,HW_1 1-19,text,true,,526,166,26,26,http://162.55.220.72:5005/object_info_3?name=John&age=27&salary=10000,390,0,195
1681275353501,438,5. /object_info_2,200,OK,HW_1 1-21,text,true,,470,166,26,26,http://162.55.220.72:5005/object_info_2?name=John&age=27&salary=10000,438,0,218
1681275353521,421,1. /get_method,200,OK,HW_1 1-30,text,true,,168,150,26,26,http://162.55.220.72:5005/get_method?name=John&age=27,421,0,210
1681275353537,467,2. /user_info_2,200,OK,HW_1 1-28,text,true,,470,765,26,26,http://162.55.220.72:5005/user_info_2,466,0,231
1681275353571,443,3. /user_info_3,200,OK,HW_1 1-26,text,true,,371,780,26,26,http://162.55.220.72:5005/user_info_3,443,0,218
1681275353612,426,8. /login,200,OK,HW_1 1-15,text,true,,218,598,26,26,http://162.55.220.72:5005/login,426,0,210
1681275353713,436,1. /get_method,200,OK,HW_1 1-31,text,true,,168,150,27,27,http://162.55.220.72:5005/get_method?name=John&age=27,436,0,218
1681275353705,467,2. /user_info_2,200,OK,HW_1 1-29,text,true,,470,810,27,27,http://162.55.220.72:5005/user_info_2,466,0,230
1681275352751,1634,7. /object_info_4,200,OK,HW_1 1-13,text,true,,239,166,28,28,http://162.55.220.72:5005/object_info_4?name=John&age=27&salary=10000,1634,0,229
1681275353942,428,2. /user_info_2,200,OK,HW_1 1-30,text,true,,470,775,28,28,http://162.55.220.72:5005/user_info_2,427,0,208
1681275353939,430,6. /object_info_3,200,OK,HW_1 1-21,text,true,,526,166,28,28,http://162.55.220.72:5005/object_info_3?name=John&age=27&salary=10000,429,0,209
1681275353933,420,7. /object_info_4,200,OK,HW_1 1-19,text,true,,239,166,28,28,http://162.55.220.72:5005/object_info_4?name=John&age=27&salary=10000,420,0,209
1681275353888,461,6. /object_info_3,200,OK,HW_1 1-20,text,true,,526,166,28,28,http://162.55.220.72:5005/object_info_3?name=John&age=27&salary=10000,461,0,230
1681275353915,434,10. /test_pet_info,200,OK,HW_1 1-12,text,true,,229,322,28,28,http://162.55.220.72:5005/test_pet_info,434,0,214
1681275353885,457,4. /object_info_1,200,OK,HW_1 1-24,text,true,,229,163,28,28,http://162.55.220.72:5005/object_info_1?name=John&age=27&weight=80,457,0,225
1681275353918,424,1. /get_method,200,OK,HW_1 1-32,text,true,,168,150,28,28,http://162.55.220.72:5005/get_method?name=John&age=27,423,0,211
1681275353887,455,5. /object_info_2,200,OK,HW_1 1-22,text,true,,470,166,28,28,http://162.55.220.72:5005/object_info_2?name=John&age=27&salary=10000,455,0,224
1681275353883,444,3. /user_info_3,200,OK,HW_1 1-27,text,true,,371,785,28,28,http://162.55.220.72:5005/user_info_3,443,0,217
1681275353883,440,9. /new_data,200,OK,HW_1 1-8,text,true,,239,1013,28,28,http://162.55.220.72:5005/new_data,440,0,215
1681275353885,438,4. /object_info_1,200,OK,HW_1 1-25,text,true,,229,163,28,28,http://162.55.220.72:5005/object_info_1?name=John&age=27&weight=80,438,0,215
1681275353888,431,8. /login,200,OK,HW_1 1-16,text,true,,218,606,28,28,http://162.55.220.72:5005/login,431,0,211
1681275353887,427,7. /object_info_4,200,OK,HW_1 1-17,text,true,,239,166,27,27,http://162.55.220.72:5005/object_info_4?name=John&age=27&salary=10000,427,0,211
1681275353883,430,5. /object_info_2,200,OK,HW_1 1-23,text,true,,470,166,27,27,http://162.55.220.72:5005/object_info_2?name=John&age=27&salary=10000,429,0,211
1681275353888,415,7. /object_info_4,200,OK,HW_1 1-18,text,true,,239,166,27,27,http://162.55.220.72:5005/object_info_4?name=John&age=27&salary=10000,415,0,203
1681275353885,424,11. /get_test_user,200,OK,HW_1 1-9,text,true,,371,1030,27,27,http://162.55.220.72:5005/get_test_user,424,0,209
1681275353887,406,9. /new_data,200,OK,HW_1 1-14,text,true,,239,1037,27,27,http://162.55.220.72:5005/new_data,406,0,198
1681275354004,403,3. /user_info_3,200,OK,HW_1 1-28,text,true,,371,760,27,27,http://162.55.220.72:5005/user_info_3,403,0,198
1681275354015,464,4. /object_info_1,200,OK,HW_1 1-26,text,true,,229,163,27,27,http://162.55.220.72:5005/object_info_1?name=John&age=27&weight=80,464,0,230
1681275354039,467,9. /new_data,200,OK,HW_1 1-15,text,true,,239,995,27,27,http://162.55.220.72:5005/new_data,467,0,231
1681275354121,408,1. /get_method,200,OK,HW_1 1-33,text,true,,168,150,28,28,http://162.55.220.72:5005/get_method?name=John&age=27,407,0,203
1681275354150,430,2. /user_info_2,200,OK,HW_1 1-31,text,true,,470,780,28,28,http://162.55.220.72:5005/user_info_2,429,0,211
1681275354172,458,3. /user_info_3,200,OK,HW_1 1-29,text,true,,371,790,28,28,http://162.55.220.72:5005/user_info_3,458,0,225
1681275354317,442,1. /get_method,200,OK,HW_1 1-34,text,true,,168,150,29,29,http://162.55.220.72:5005/get_method?name=John&age=27,441,0,216
1681275354411,474,4. /object_info_1,200,OK,HW_1 1-28,text,true,,229,163,29,29,http://162.55.220.72:5005/object_info_1?name=John&age=27&weight=80,474,0,230
1681275354408,476,10. /test_pet_info,200,OK,HW_1 1-14,text,true,,229,322,29,29,http://162.55.220.72:5005/test_pet_info,476,0,224
1681275354395,484,8. /login,200,OK,HW_1 1-17,text,true,,219,610,29,29,http://162.55.220.72:5005/login,483,0,229
1681275354393,486,5. /object_info_2,200,OK,HW_1 1-25,text,true,,470,166,29,29,http://162.55.220.72:5005/object_info_2?name=John&age=27&salary=10000,486,0,231
1681275354387,488,8. /login,200,OK,HW_1 1-13,text,true,,219,602,29,29,http://162.55.220.72:5005/login,488,0,230
1681275354389,486,8. /login,200,OK,HW_1 1-19,text,true,,218,634,29,29,http://162.55.220.72:5005/login,486,0,230
1681275354394,476,9. /new_data,200,OK,HW_1 1-16,text,true,,239,1013,29,29,http://162.55.220.72:5005/new_data,476,0,225
1681275354393,476,10. /test_pet_info,200,OK,HW_1 1-8,text,true,,229,322,29,29,http://162.55.220.72:5005/test_pet_info,476,0,224
1681275354387,482,3. /user_info_3,200,OK,HW_1 1-30,text,true,,371,800,29,29,http://162.55.220.72:5005/user_info_3,482,0,230
1681275354395,450,6. /object_info_3,200,OK,HW_1 1-23,text,true,,526,166,29,29,http://162.55.220.72:5005/object_info_3?name=John&age=27&salary=10000,450,0,216
1681275354392,449,2. /user_info_2,200,OK,HW_1 1-32,text,true,,470,785,29,29,http://162.55.220.72:5005/user_info_2,449,0,216
1681275354387,448,7. /object_info_4,200,OK,HW_1 1-21,text,true,,239,166,29,29,http://162.55.220.72:5005/object_info_4?name=John&age=27&salary=10000,448,0,216
1681275354392,433,6. /object_info_3,200,OK,HW_1 1-22,text,true,,526,166,29,29,http://162.55.220.72:5005/object_info_3?name=John&age=27&salary=10000,433,0,211
1681275354390,435,11. /get_test_user,200,OK,HW_1 1-12,text,true,,371,1012,29,29,http://162.55.220.72:5005/get_test_user,435,0,209
1681275354390,425,7. /object_info_4,200,OK,HW_1 1-20,text,true,,239,166,29,29,http://162.55.220.72:5005/object_info_4?name=John&age=27&salary=10000,425,0,210
1681275354392,415,4. /object_info_1,200,OK,HW_1 1-27,text,true,,229,163,29,29,http://162.55.220.72:5005/object_info_1?name=John&age=27&weight=80,415,0,203
1681275354390,392,5. /object_info_2,200,OK,HW_1 1-24,text,true,,470,166,29,29,http://162.55.220.72:5005/object_info_2?name=John&age=27&salary=10000,392,0,195
1681275353584,1364,10. /test_pet_info,200,OK,HW_1 1-10,text,true,,229,322,29,29,http://162.55.220.72:5005/test_pet_info,1363,0,217
1681275354480,467,5. /object_info_2,200,OK,HW_1 1-26,text,true,,470,166,29,29,http://162.55.220.72:5005/object_info_2?name=John&age=27&salary=10000,467,0,232
1681275354507,466,10. /test_pet_info,200,OK,HW_1 1-15,text,true,,229,322,29,29,http://162.55.220.72:5005/test_pet_info,466,0,232
1681275354580,400,3. /user_info_3,200,OK,HW_1 1-31,text,true,,371,790,29,29,http://162.55.220.72:5005/user_info_3,399,0,199
1681275354518,463,1. /get_method,200,OK,HW_1 1-35,text,true,,168,150,29,29,http://162.55.220.72:5005/get_method?name=John&age=27,462,0,232
1681275354529,464,2. /user_info_2,200,OK,HW_1 1-33,text,true,,470,770,29,29,http://162.55.220.72:5005/user_info_2,464,0,232
1681275354631,436,4. /object_info_1,200,OK,HW_1 1-29,text,true,,229,163,29,29,http://162.55.220.72:5005/object_info_1?name=John&age=27&weight=80,436,0,218
1681275354718,407,1. /get_method,200,OK,HW_1 1-36,text,true,,168,150,30,30,http://162.55.220.72:5005/get_method?name=John&age=27,407,0,202
1681275354759,457,2. /user_info_2,200,OK,HW_1 1-34,text,true,,470,810,30,30,http://162.55.220.72:5005/user_info_2,457,0,224
1681275354974,438,11. /get_test_user,200,OK,HW_1 1-15,text,true,,371,994,31,31,http://162.55.220.72:5005/get_test_user,438,0,217
1681275354905,430,11. /get_test_user,200,OK,HW_1 1-8,text,true,,371,1012,31,31,http://162.55.220.72:5005/get_test_user,429,0,209
1681275354906,433,3. /user_info_3,200,OK,HW_1 1-32,text,true,,371,810,31,31,http://162.55.220.72:5005/user_info_3,433,0,212
1681275354904,437,9. /new_data,200,OK,HW_1 1-19,text,true,,239,983,31,31,http://162.55.220.72:5005/new_data,437,0,210
1681275354903,426,9. /new_data,200,OK,HW_1 1-17,text,true,,239,1007,31,31,http://162.55.220.72:5005/new_data,425,0,210
1681275354903,448,9. /new_data,200,OK,HW_1 1-13,text,true,,239,1025,31,31,http://162.55.220.72:5005/new_data,448,0,216
1681275354906,413,7. /object_info_4,200,OK,HW_1 1-23,text,true,,239,166,31,31,http://162.55.220.72:5005/object_info_4?name=John&age=27&salary=10000,412,0,203
1681275354908,443,5. /object_info_2,200,OK,HW_1 1-27,text,true,,470,166,31,31,http://162.55.220.72:5005/object_info_2?name=John&age=27&salary=10000,443,0,215
1681275354906,454,7. /object_info_4,200,OK,HW_1 1-22,text,true,,239,166,31,31,http://162.55.220.72:5005/object_info_4?name=John&age=27&salary=10000,453,0,217
1681275354980,419,4. /object_info_1,200,OK,HW_1 1-31,text,true,,229,163,31,31,http://162.55.220.72:5005/object_info_1?name=John&age=27&weight=80,419,0,208
1681275354948,413,11. /get_test_user,200,OK,HW_1 1-10,text,true,,371,982,31,31,http://162.55.220.72:5005/get_test_user,413,0,205
1681275354903,469,5. /object_info_2,200,OK,HW_1 1-28,text,true,,470,166,31,31,http://162.55.220.72:5005/object_info_2?name=John&age=27&salary=10000,469,0,229
1681275354905,409,4. /object_info_1,200,OK,HW_1 1-30,text,true,,229,163,30,30,http://162.55.220.72:5005/object_info_1?name=John&age=27&weight=80,409,0,204
1681275354903,469,11. /get_test_user,200,OK,HW_1 1-14,text,true,,371,988,31,31,http://162.55.220.72:5005/get_test_user,468,0,225
1681275354905,470,10. /test_pet_info,200,OK,HW_1 1-16,text,true,,229,322,31,31,http://162.55.220.72:5005/test_pet_info,469,0,228
1681275354948,451,6. /object_info_3,200,OK,HW_1 1-26,text,true,,526,166,31,31,http://162.55.220.72:5005/object_info_3?name=John&age=27&salary=10000,451,0,224
1681275354907,460,8. /login,200,OK,HW_1 1-20,text,true,,218,622,31,31,http://162.55.220.72:5005/login,460,0,222
1681275354917,448,1. /get_method,200,OK,HW_1 1-37,text,true,,168,150,31,31,http://162.55.220.72:5005/get_method?name=John&age=27,448,0,217
1681275354903,411,6. /object_info_3,200,OK,HW_1 1-25,text,true,,526,166,30,30,http://162.55.220.72:5005/object_info_3?name=John&age=27&salary=10000,411,0,202
1681275354994,442,3. /user_info_3,200,OK,HW_1 1-33,text,true,,371,785,27,27,http://162.55.220.72:5005/user_info_3,442,0,216
1681275354906,408,8. /login,200,OK,HW_1 1-21,text,true,,219,638,30,30,http://162.55.220.72:5005/login,408,0,200
1681275354981,457,2. /user_info_2,200,OK,HW_1 1-35,text,true,,470,785,27,27,http://162.55.220.72:5005/user_info_2,457,0,225
1681275354908,471,6. /object_info_3,200,OK,HW_1 1-24,text,true,,526,166,31,31,http://162.55.220.72:5005/object_info_3?name=John&age=27&salary=10000,471,0,231
1681275355068,449,5. /object_info_2,200,OK,HW_1 1-29,text,true,,470,166,28,28,http://162.55.220.72:5005/object_info_2?name=John&age=27&salary=10000,448,0,223
1681275355109,432,1. /get_method,200,OK,HW_1 1-38,text,true,,168,150,28,28,http://162.55.220.72:5005/get_method?name=John&age=27,432,0,215
1681275355126,462,2. /user_info_2,200,OK,HW_1 1-36,text,true,,470,790,28,28,http://162.55.220.72:5005/user_info_2,462,0,227
1681275355216,442,3. /user_info_3,200,OK,HW_1 1-34,text,true,,371,800,28,28,http://162.55.220.72:5005/user_info_3,441,0,219
1681275355427,460,6. /object_info_3,200,OK,HW_1 1-27,text,true,,526,166,29,29,http://162.55.220.72:5005/object_info_3?name=John&age=27&salary=10000,460,0,223
1681275355438,449,2. /user_info_2,200,OK,HW_1 1-37,text,true,,470,805,29,29,http://162.55.220.72:5005/user_info_2,449,0,216
1681275355419,466,4. /object_info_1,200,OK,HW_1 1-32,text,true,,229,163,29,29,http://162.55.220.72:5005/object_info_1?name=John&age=27&weight=80,466,0,229
1681275355436,444,7. /object_info_4,200,OK,HW_1 1-25,text,true,,239,166,29,29,http://162.55.220.72:5005/object_info_4?name=John&age=27&salary=10000,444,0,215
1681275355429,451,10. /test_pet_info,200,OK,HW_1 1-17,text,true,,229,322,29,29,http://162.55.220.72:5005/test_pet_info,451,0,216
1681275355429,431,5. /object_info_2,200,OK,HW_1 1-31,text,true,,470,166,29,29,http://162.55.220.72:5005/object_info_2?name=John&age=27&salary=10000,431,0,212
1681275355437,433,4. /object_info_1,200,OK,HW_1 1-33,text,true,,229,163,29,29,http://162.55.220.72:5005/object_info_1?name=John&age=27&weight=80,433,0,209
1681275355431,426,5. /object_info_2,200,OK,HW_1 1-30,text,true,,470,166,29,29,http://162.55.220.72:5005/object_info_2?name=John&age=27&salary=10000,426,0,210
1681275355419,438,10. /test_pet_info,200,OK,HW_1 1-19,text,true,,229,322,29,29,http://162.55.220.72:5005/test_pet_info,438,0,222
1681275355436,460,9. /new_data,200,OK,HW_1 1-20,text,true,,239,995,29,29,http://162.55.220.72:5005/new_data,459,0,217
1681275355431,421,6. /object_info_3,200,OK,HW_1 1-28,text,true,,526,166,29,29,http://162.55.220.72:5005/object_info_3?name=John&age=27&salary=10000,421,0,205
1681275355428,415,8. /login,200,OK,HW_1 1-22,text,true,,219,602,29,29,http://162.55.220.72:5005/login,415,0,203
1681275354397,1438,8. /login,200,OK,HW_1 1-18,text,true,,218,606,29,29,http://162.55.220.72:5005/login,1438,0,1224
1681275355316,469,1. /get_method,200,OK,HW_1 1-39,text,true,,168,150,29,29,http://162.55.220.72:5005/get_method?name=John&age=27,468,0,228
1681275355433,392,7. /object_info_4,200,OK,HW_1 1-26,text,true,,239,166,29,29,http://162.55.220.72:5005/object_info_4?name=John&age=27&salary=10000,391,0,196
1681275355427,474,8. /login,200,OK,HW_1 1-23,text,true,,218,618,29,29,http://162.55.220.72:5005/login,474,0,229
1681275355427,480,10. /test_pet_info,200,OK,HW_1 1-13,text,true,,229,322,29,29,http://162.55.220.72:5005/test_pet_info,480,0,228
1681275355439,469,3. /user_info_3,200,OK,HW_1 1-35,text,true,,371,775,29,29,http://162.55.220.72:5005/user_info_3,469,0,222
1681275355433,475,11. /get_test_user,200,OK,HW_1 1-16,text,true,,371,994,29,29,http://162.55.220.72:5005/get_test_user,475,0,232
1681275355440,469,7. /object_info_4,200,OK,HW_1 1-24,text,true,,239,166,28,28,http://162.55.220.72:5005/object_info_4?name=John&age=27&salary=10000,469,0,232
1681275355518,393,6. /object_info_3,200,OK,HW_1 1-29,text,true,,526,166,28,28,http://162.55.220.72:5005/object_info_3?name=John&age=27&salary=10000,393,0,195
1681275355509,420,1. /get_method,200,OK,HW_1 1-40,text,true,,168,150,29,29,http://162.55.220.72:5005/get_method?name=John&age=27,420,0,209
1681275355542,411,2. /user_info_2,200,OK,HW_1 1-38,text,true,,470,795,29,29,http://162.55.220.72:5005/user_info_2,411,0,203
1681275355588,429,3. /user_info_3,200,OK,HW_1 1-36,text,true,,371,800,29,29,http://162.55.220.72:5005/user_info_3,429,0,212
1681275355658,396,4. /object_info_1,200,OK,HW_1 1-34,text,true,,229,163,29,29,http://162.55.220.72:5005/object_info_1?name=John&age=27&weight=80,395,0,196
1681275355716,427,1. /get_method,200,OK,HW_1 1-41,text,true,,168,150,30,30,http://162.55.220.72:5005/get_method?name=John&age=27,427,0,212
1681275355894,406,5. /object_info_2,200,OK,HW_1 1-32,text,true,,470,166,30,30,http://162.55.220.72:5005/object_info_2?name=John&age=27&salary=10000,406,0,199
1681275355895,408,11. /get_test_user,200,OK,HW_1 1-19,text,true,,371,1012,30,30,http://162.55.220.72:5005/get_test_user,408,0,198
1681275355895,560,11. /get_test_user,200,OK,HW_1 1-17,text,true,,371,1036,30,30,http://162.55.220.72:5005/get_test_user,559,0,204
1681275355894,561,3. /user_info_3,200,OK,HW_1 1-37,text,true,,371,775,30,30,http://162.55.220.72:5005/user_info_3,560,0,209
1681275355929,528,2. /user_info_2,200,OK,HW_1 1-40,text,true,,470,790,29,29,http://162.55.220.72:5005/user_info_2,528,0,207
1681275355895,562,6. /object_info_3,200,OK,HW_1 1-31,text,true,,526,166,29,29,http://162.55.220.72:5005/object_info_3?name=John&age=27&salary=10000,562,0,224
1681275355897,560,8. /login,200,OK,HW_1 1-26,text,true,,219,638,29,29,http://162.55.220.72:5005/login,560,0,218
1681275355896,563,7. /object_info_4,200,OK,HW_1 1-28,text,true,,239,166,29,29,http://162.55.220.72:5005/object_info_4?name=John&age=27&salary=10000,562,0,222
1681275355954,506,3. /user_info_3,200,OK,HW_1 1-38,text,true,,371,795,29,29,http://162.55.220.72:5005/user_info_3,505,0,222
1681275355896,564,9. /new_data,200,OK,HW_1 1-22,text,true,,239,989,29,29,http://162.55.220.72:5005/new_data,563,0,224
1681275355896,565,10. /test_pet_info,200,OK,HW_1 1-20,text,true,,229,322,29,29,http://162.55.220.72:5005/test_pet_info,563,0,219
1681275355897,565,9. /new_data,200,OK,HW_1 1-18,text,true,,239,977,29,29,http://162.55.220.72:5005/new_data,562,0,223
1681275355909,554,8. /login,200,OK,HW_1 1-24,text,true,,218,614,29,29,http://162.55.220.72:5005/login,550,0,225
1681275355894,570,7. /object_info_4,200,OK,HW_1 1-27,text,true,,239,166,29,29,http://162.55.220.72:5005/object_info_4?name=John&age=27&salary=10000,565,0,229
1681275355908,557,4. /object_info_1,200,OK,HW_1 1-35,text,true,,229,163,29,29,http://162.55.220.72:5005/object_info_1?name=John&age=27&weight=80,551,0,226
1681275356017,448,4. /object_info_1,200,OK,HW_1 1-36,text,true,,229,163,29,29,http://162.55.220.72:5005/object_info_1?name=John&age=27&weight=80,442,0,209
1681275355913,553,1. /get_method,200,OK,HW_1 1-42,text,true,,168,150,29,29,http://162.55.220.72:5005/get_method?name=John&age=27,547,0,209
1681275355902,565,9. /new_data,200,OK,HW_1 1-23,text,true,,239,1019,29,29,http://162.55.220.72:5005/new_data,558,0,209
1681275355895,573,6. /object_info_3,200,OK,HW_1 1-30,text,true,,526,166,29,29,http://162.55.220.72:5005/object_info_3?name=John&age=27&salary=10000,565,0,223
1681275355912,556,7. /object_info_4,200,OK,HW_1 1-29,text,true,,239,166,29,29,http://162.55.220.72:5005/object_info_4?name=John&age=27&salary=10000,549,0,199
1681275355895,574,5. /object_info_2,200,OK,HW_1 1-33,text,true,,470,166,29,29,http://162.55.220.72:5005/object_info_2?name=John&age=27&salary=10000,566,0,209
1681275355907,563,11. /get_test_user,200,OK,HW_1 1-13,text,true,,371,1036,29,29,http://162.55.220.72:5005/get_test_user,555,0,202
1681275355897,574,2. /user_info_2,200,OK,HW_1 1-39,text,true,,470,795,28,28,http://162.55.220.72:5005/user_info_2,566,0,203
1681275355894,579,8. /login,200,OK,HW_1 1-25,text,true,,219,614,28,28,http://162.55.220.72:5005/login,570,0,209
1681275356054,443,5. /object_info_2,200,OK,HW_1 1-34,text,true,,470,166,28,28,http://162.55.220.72:5005/object_info_2?name=John&age=27&salary=10000,443,0,217
1681275356120,571,1. /get_method,200,OK,HW_1 1-43,text,true,,168,150,29,29,http://162.55.220.72:5005/get_method?name=John&age=27,571,0,335
1681275356143,566,2. /user_info_2,200,OK,HW_1 1-41,text,true,,470,805,30,30,http://162.55.220.72:5005/user_info_2,565,0,316
1681275356308,438,1. /get_method,200,OK,HW_1 1-44,text,true,,168,150,30,30,http://162.55.220.72:5005/get_method?name=John&age=27,438,0,217
1681275356474,516,9. /new_data,200,OK,HW_1 1-25,text,true,,239,1001,31,31,http://162.55.220.72:5005/new_data,516,0,237
1681275356466,520,2. /user_info_2,200,OK,HW_1 1-42,text,true,,470,810,31,31,http://162.55.220.72:5005/user_info_2,520,0,243
1681275356460,520,4. /object_info_1,200,OK,HW_1 1-38,text,true,,229,163,31,31,http://162.55.220.72:5005/object_info_1?name=John&age=27&weight=80,520,0,238
1681275356513,477,1. /get_method,200,OK,HW_1 1-45,text,true,,168,150,31,31,http://162.55.220.72:5005/get_method?name=John&age=27,477,0,230
1681275356467,512,10. /test_pet_info,200,OK,HW_1 1-23,text,true,,229,322,31,31,http://162.55.220.72:5005/test_pet_info,512,0,241
1681275356460,518,8. /login,200,OK,HW_1 1-28,text,true,,219,630,31,31,http://162.55.220.72:5005/login,518,0,238
1681275356458,520,9. /new_data,200,OK,HW_1 1-26,text,true,,239,1013,31,31,http://162.55.220.72:5005/new_data,519,0,240
1681275356465,506,8. /login,200,OK,HW_1 1-27,text,true,,219,622,31,31,http://162.55.220.72:5005/login,506,0,233
1681275356498,473,6. /object_info_3,200,OK,HW_1 1-34,text,true,,526,166,31,31,http://162.55.220.72:5005/object_info_3?name=John&age=27&salary=10000,473,0,217
1681275356474,490,3. /user_info_3,200,OK,HW_1 1-39,text,true,,371,765,31,31,http://162.55.220.72:5005/user_info_3,490,0,231
1681275356463,495,10. /test_pet_info,200,OK,HW_1 1-18,text,true,,229,322,31,31,http://162.55.220.72:5005/test_pet_info,495,0,234
1681275356470,486,6. /object_info_3,200,OK,HW_1 1-33,text,true,,526,166,31,31,http://162.55.220.72:5005/object_info_3?name=John&age=27&salary=10000,486,0,228
1681275356466,479,5. /object_info_2,200,OK,HW_1 1-35,text,true,,470,166,31,31,http://162.55.220.72:5005/object_info_2?name=John&age=27&salary=10000,479,0,224
1681275356458,482,7. /object_info_4,200,OK,HW_1 1-31,text,true,,239,166,31,31,http://162.55.220.72:5005/object_info_4?name=John&age=27&salary=10000,481,0,233
1681275356462,472,11. /get_test_user,200,OK,HW_1 1-20,text,true,,371,994,31,31,http://162.55.220.72:5005/get_test_user,472,0,228
1681275356457,476,3. /user_info_3,200,OK,HW_1 1-40,text,true,,371,810,31,31,http://162.55.220.72:5005/user_info_3,476,0,235
1681275356469,460,8. /login,200,OK,HW_1 1-29,text,true,,219,610,31,31,http://162.55.220.72:5005/login,459,0,221
1681275356392,536,6. /object_info_3,200,OK,HW_1 1-32,text,true,,526,166,31,31,http://162.55.220.72:5005/object_info_3?name=John&age=27&salary=10000,536,0,297
1681275356466,450,5. /object_info_2,200,OK,HW_1 1-36,text,true,,470,166,31,31,http://162.55.220.72:5005/object_info_2?name=John&age=27&salary=10000,450,0,224
1681275356461,453,10. /test_pet_info,200,OK,HW_1 1-22,text,true,,229,322,31,31,http://162.55.220.72:5005/test_pet_info,452,0,228
1681275356469,445,7. /object_info_4,200,OK,HW_1 1-30,text,true,,239,166,31,31,http://162.55.220.72:5005/object_info_4?name=John&age=27&salary=10000,444,0,222
1681275356455,457,4. /object_info_1,200,OK,HW_1 1-37,text,true,,229,163,31,31,http://162.55.220.72:5005/object_info_1?name=John&age=27&weight=80,457,0,234
1681275356464,448,9. /new_data,200,OK,HW_1 1-24,text,true,,239,995,31,31,http://162.55.220.72:5005/new_data,448,0,226
1681275356709,430,3. /user_info_3,200,OK,HW_1 1-41,text,true,,371,800,31,31,http://162.55.220.72:5005/user_info_3,429,0,212
1681275356747,392,2. /user_info_2,200,OK,HW_1 1-44,text,true,,470,795,31,31,http://162.55.220.72:5005/user_info_2,391,0,193
1681275356692,469,2. /user_info_2,200,OK,HW_1 1-43,text,true,,470,795,31,31,http://162.55.220.72:5005/user_info_2,468,0,231
1681275356711,466,1. /get_method,200,OK,HW_1 1-46,text,true,,168,150,31,31,http://162.55.220.72:5005/get_method?name=John&age=27,466,0,233
1681275357007,467,9. /new_data,200,OK,HW_1 1-27,text,true,,239,977,32,32,http://162.55.220.72:5005/new_data,467,0,216
1681275357006,461,9. /new_data,200,OK,HW_1 1-28,text,true,,239,1007,32,32,http://162.55.220.72:5005/new_data,460,0,211
1681275357005,462,5. /object_info_2,200,OK,HW_1 1-38,text,true,,470,166,32,32,http://162.55.220.72:5005/object_info_2?name=John&age=27&salary=10000,461,0,218
1681275357006,455,11. /get_test_user,200,OK,HW_1 1-23,text,true,,371,1012,32,32,http://162.55.220.72:5005/get_test_user,455,0,211
1681275357006,453,10. /test_pet_info,200,OK,HW_1 1-26,text,true,,229,322,32,32,http://162.55.220.72:5005/test_pet_info,453,0,211
1681275357007,451,7. /object_info_4,200,OK,HW_1 1-34,text,true,,239,166,32,32,http://162.55.220.72:5005/object_info_4?name=John&age=27&salary=10000,451,0,207
1681275357011,430,8. /login,200,OK,HW_1 1-30,text,true,,219,630,32,32,http://162.55.220.72:5005/login,430,0,203
1681275357008,433,7. /object_info_4,200,OK,HW_1 1-33,text,true,,239,166,32,32,http://162.55.220.72:5005/object_info_4?name=John&age=27&salary=10000,433,0,209
1681275357008,476,11. /get_test_user,200,OK,HW_1 1-18,text,true,,371,1006,31,31,http://162.55.220.72:5005/get_test_user,475,0,218
1681275357010,429,4. /object_info_1,200,OK,HW_1 1-40,text,true,,229,163,32,32,http://162.55.220.72:5005/object_info_1?name=John&age=27&weight=80,429,0,201
1681275357011,424,6. /object_info_3,200,OK,HW_1 1-36,text,true,,526,166,32,32,http://162.55.220.72:5005/object_info_3?name=John&age=27&salary=10000,424,0,200
1681275356907,463,1. /get_method,200,OK,HW_1 1-47,text,true,,168,150,32,32,http://162.55.220.72:5005/get_method?name=John&age=27,463,0,232
1681275357011,476,9. /new_data,200,OK,HW_1 1-29,text,true,,239,1025,30,30,http://162.55.220.72:5005/new_data,476,0,222
1681275357009,487,6. /object_info_3,200,OK,HW_1 1-35,text,true,,526,166,30,30,http://162.55.220.72:5005/object_info_3?name=John&age=27&salary=10000,487,0,224
1681275357012,488,5. /object_info_2,200,OK,HW_1 1-37,text,true,,470,166,30,30,http://162.55.220.72:5005/object_info_2?name=John&age=27&salary=10000,487,0,224
1681275357006,502,2. /user_info_2,200,OK,HW_1 1-45,text,true,,470,795,31,31,http://162.55.220.72:5005/user_info_2,502,0,230
1681275357008,500,4. /object_info_1,200,OK,HW_1 1-39,text,true,,229,163,31,31,http://162.55.220.72:5005/object_info_1?name=John&age=27&weight=80,500,0,229
1681275357005,503,3. /user_info_3,200,OK,HW_1 1-42,text,true,,371,795,31,31,http://162.55.220.72:5005/user_info_3,503,0,229
1681275357010,499,8. /login,200,OK,HW_1 1-31,text,true,,219,634,31,31,http://162.55.220.72:5005/login,499,0,230
1681275357005,505,10. /test_pet_info,200,OK,HW_1 1-25,text,true,,229,322,31,31,http://162.55.220.72:5005/test_pet_info,505,0,228
1681275357113,397,1. /get_method,200,OK,HW_1 1-48,text,true,,168,150,31,31,http://162.55.220.72:5005/get_method?name=John&age=27,397,0,198
1681275357012,499,10. /test_pet_info,200,OK,HW_1 1-24,text,true,,229,322,31,31,http://162.55.220.72:5005/test_pet_info,499,0,230
1681275357011,500,11. /get_test_user,200,OK,HW_1 1-22,text,true,,371,1018,31,31,http://162.55.220.72:5005/get_test_user,499,0,230
1681275357140,428,3. /user_info_3,200,OK,HW_1 1-44,text,true,,371,800,30,30,http://162.55.220.72:5005/user_info_3,428,0,210
1681275357178,421,2. /user_info_2,200,OK,HW_1 1-46,text,true,,470,795,30,30,http://162.55.220.72:5005/user_info_2,420,0,205
1681275357139,464,4. /object_info_1,200,OK,HW_1 1-41,text,true,,229,163,30,30,http://162.55.220.72:5005/object_info_1?name=John&age=27&weight=80,464,0,230
1681275357308,433,1. /get_method,200,OK,HW_1 1-49,text,true,,168,150,30,30,http://162.55.220.72:5005/get_method?name=John&age=27,433,0,211
1681275357485,426,2. /user_info_2,200,OK,HW_1 1-47,text,true,,470,805,30,30,http://162.55.220.72:5005/user_info_2,426,0,211
1681275357480,426,10. /test_pet_info,200,OK,HW_1 1-27,text,true,,229,322,30,30,http://162.55.220.72:5005/test_pet_info,426,0,211
1681275357482,423,8. /login,200,OK,HW_1 1-34,text,true,,219,638,30,30,http://162.55.220.72:5005/login,422,0,209
1681275357484,441,6. /object_info_3,200,OK,HW_1 1-38,text,true,,526,166,30,30,http://162.55.220.72:5005/object_info_3?name=John&age=27&salary=10000,441,0,217
1681275357480,449,11. /get_test_user,200,OK,HW_1 1-26,text,true,,371,1030,30,30,http://162.55.220.72:5005/get_test_user,449,0,218
1681275357509,434,4. /object_info_1,200,OK,HW_1 1-42,text,true,,229,163,29,29,http://162.55.220.72:5005/object_info_1?name=John&age=27&weight=80,434,0,198
1681275357480,463,10. /test_pet_info,200,OK,HW_1 1-28,text,true,,229,322,29,29,http://162.55.220.72:5005/test_pet_info,463,0,221
1681275357500,450,6. /object_info_3,200,OK,HW_1 1-37,text,true,,526,166,29,29,http://162.55.220.72:5005/object_info_3?name=John&age=27&salary=10000,450,0,210
1681275357511,439,2. /user_info_2,200,OK,HW_1 1-48,text,true,,470,770,29,29,http://162.55.220.72:5005/user_info_2,439,0,211
1681275357508,442,1. /get_method,200,OK,HW_1 1-50,text,true,,168,150,29,29,http://162.55.220.72:5005/get_method?name=John&age=27,442,0,214
1681275357496,458,7. /object_info_4,200,OK,HW_1 1-35,text,true,,239,166,29,29,http://162.55.220.72:5005/object_info_4?name=John&age=27&salary=10000,457,0,218
1681275357483,471,8. /login,200,OK,HW_1 1-33,text,true,,219,618,29,29,http://162.55.220.72:5005/login,471,0,224
1681275357483,474,9. /new_data,200,OK,HW_1 1-30,text,true,,239,1001,29,29,http://162.55.220.72:5005/new_data,474,0,224
1681275357511,446,11. /get_test_user,200,OK,HW_1 1-24,text,true,,371,994,29,29,http://162.55.220.72:5005/get_test_user,446,0,211
1681275357569,392,4. /object_info_1,200,OK,HW_1 1-44,text,true,,229,163,28,28,http://162.55.220.72:5005/object_info_1?name=John&age=27&weight=80,392,0,193
1681275357509,453,9. /new_data,200,OK,HW_1 1-31,text,true,,239,1001,28,28,http://162.55.220.72:5005/new_data,453,0,213
1681275357484,479,7. /object_info_4,200,OK,HW_1 1-36,text,true,,239,166,28,28,http://162.55.220.72:5005/object_info_4?name=John&age=27&salary=10000,479,0,229
1681275357488,478,10. /test_pet_info,200,OK,HW_1 1-29,text,true,,229,322,28,28,http://162.55.220.72:5005/test_pet_info,478,0,224
1681275357509,461,5. /object_info_2,200,OK,HW_1 1-39,text,true,,470,166,28,28,http://162.55.220.72:5005/object_info_2?name=John&age=27&salary=10000,461,0,217
1681275357484,487,5. /object_info_2,200,OK,HW_1 1-40,text,true,,470,166,28,28,http://162.55.220.72:5005/object_info_2?name=John&age=27&salary=10000,486,0,231
1681275357509,476,3. /user_info_3,200,OK,HW_1 1-45,text,true,,371,765,28,28,http://162.55.220.72:5005/user_info_3,475,0,232
1681275357510,479,11. /get_test_user,200,OK,HW_1 1-25,text,true,,371,1012,28,28,http://162.55.220.72:5005/get_test_user,479,0,234
1681275357604,411,5. /object_info_2,200,OK,HW_1 1-41,text,true,,470,166,27,27,http://162.55.220.72:5005/object_info_2?name=John&age=27&salary=10000,411,0,202
1681275357599,416,3. /user_info_3,200,OK,HW_1 1-46,text,true,,371,765,27,27,http://162.55.220.72:5005/user_info_3,416,0,204
1681275357741,445,2. /user_info_2,200,OK,HW_1 1-49,text,true,,470,780,27,27,http://162.55.220.72:5005/user_info_2,444,0,220
1681275357962,455,5. /object_info_2,200,OK,HW_1 1-44,text,true,,470,166,27,27,http://162.55.220.72:5005/object_info_2?name=John&age=27&salary=10000,455,0,218
1681275357925,479,7. /object_info_4,200,OK,HW_1 1-38,text,true,,239,166,27,27,http://162.55.220.72:5005/object_info_4?name=John&age=27&salary=10000,478,0,243
1681275357958,432,10. /test_pet_info,200,OK,HW_1 1-30,text,true,,229,322,27,27,http://162.55.220.72:5005/test_pet_info,432,0,210
1681275357943,461,11. /get_test_user,200,OK,HW_1 1-28,text,true,,371,982,27,27,http://162.55.220.72:5005/get_test_user,460,0,227
1681275357963,469,10. /test_pet_info,200,OK,HW_1 1-31,text,true,,229,322,27,26,http://162.55.220.72:5005/test_pet_info,469,0,222
1681275357922,466,9. /new_data,200,OK,HW_1 1-34,text,true,,239,1019,27,27,http://162.55.220.72:5005/new_data,465,0,232
1681275357971,461,6. /object_info_3,200,OK,HW_1 1-40,text,true,,526,166,26,26,http://162.55.220.72:5005/object_info_3?name=John&age=27&salary=10000,461,0,230
1681275357951,456,2. /user_info_2,200,OK,HW_1 1-50,text,true,,470,795,27,27,http://162.55.220.72:5005/user_info_2,456,0,217
1681275357964,419,8. /login,200,OK,HW_1 1-36,text,true,,217,622,27,27,http://162.55.220.72:5005/login,418,0,204
1681275357971,438,6. /object_info_3,200,OK,HW_1 1-39,text,true,,526,166,27,27,http://162.55.220.72:5005/object_info_3?name=John&age=27&salary=10000,438,0,211
1681275357922,424,11. /get_test_user,200,OK,HW_1 1-27,text,true,,371,1042,27,27,http://162.55.220.72:5005/get_test_user,424,0,210
1681275357954,453,8. /login,200,OK,HW_1 1-35,text,true,,217,606,27,27,http://162.55.220.72:5005/login,453,0,216
1681275357922,424,3. /user_info_3,200,OK,HW_1 1-47,text,true,,371,765,27,27,http://162.55.220.72:5005/user_info_3,424,0,210
1681275357951,458,7. /object_info_4,200,OK,HW_1 1-37,text,true,,239,166,27,27,http://162.55.220.72:5005/object_info_4?name=John&age=27&salary=10000,458,0,224
1681275357943,398,5. /object_info_2,200,OK,HW_1 1-42,text,true,,470,166,27,27,http://162.55.220.72:5005/object_info_2?name=John&age=27&salary=10000,398,0,200
1681275358016,422,4. /object_info_1,200,OK,HW_1 1-46,text,true,,229,163,25,25,http://162.55.220.72:5005/object_info_1?name=John&age=27&weight=80,422,0,211
1681275357985,459,4. /object_info_1,200,OK,HW_1 1-45,text,true,,229,163,25,25,http://162.55.220.72:5005/object_info_1?name=John&age=27&weight=80,459,0,229
1681275358016,436,6. /object_info_3,200,OK,HW_1 1-41,text,true,,526,166,25,25,http://162.55.220.72:5005/object_info_3?name=John&age=27&salary=10000,436,0,218
1681275357161,1419,3. /user_info_3,200,OK,HW_1 1-43,text,true,,371,800,25,25,http://162.55.220.72:5005/user_info_3,1419,0,229
1681275358186,468,3. /user_info_3,200,OK,HW_1 1-49,text,true,,371,765,25,25,http://162.55.220.72:5005/user_info_3,467,0,230
1681275358431,477,6. /object_info_3,200,OK,HW_1 1-44,text,true,,526,166,25,25,http://162.55.220.72:5005/object_info_3?name=John&age=27&salary=10000,477,0,232
1681275358432,476,7. /object_info_4,200,OK,HW_1 1-40,text,true,,239,166,25,25,http://162.55.220.72:5005/object_info_4?name=John&age=27&salary=10000,476,0,233
1681275358433,472,7. /object_info_4,200,OK,HW_1 1-39,text,true,,239,166,25,25,http://162.55.220.72:5005/object_info_4?name=John&age=27&salary=10000,472,0,232
1681275358433,469,9. /new_data,200,OK,HW_1 1-36,text,true,,239,1025,25,25,http://162.55.220.72:5005/new_data,469,0,227
1681275358434,461,9. /new_data,200,OK,HW_1 1-35,text,true,,239,1001,25,25,http://162.55.220.72:5005/new_data,461,0,227
1681275358434,456,4. /object_info_1,200,OK,HW_1 1-47,text,true,,229,163,25,25,http://162.55.220.72:5005/object_info_1?name=John&age=27&weight=80,456,0,226
1681275358452,433,7. /object_info_4,200,OK,HW_1 1-41,text,true,,239,166,25,25,http://162.55.220.72:5005/object_info_4?name=John&age=27&salary=10000,433,0,208
1681275358434,451,8. /login,200,OK,HW_1 1-37,text,true,,219,638,25,25,http://162.55.220.72:5005/login,451,0,219
1681275358432,441,11. /get_test_user,200,OK,HW_1 1-31,text,true,,371,1000,25,25,http://162.55.220.72:5005/get_test_user,441,0,216
1681275358445,421,5. /object_info_2,200,OK,HW_1 1-45,text,true,,470,166,25,25,http://162.55.220.72:5005/object_info_2?name=John&age=27&salary=10000,421,0,208
1681275358433,432,3. /user_info_3,200,OK,HW_1 1-50,text,true,,371,775,25,25,http://162.55.220.72:5005/user_info_3,432,0,213
1681275358431,426,8. /login,200,OK,HW_1 1-38,text,true,,215,634,25,25,http://162.55.220.72:5005/login,426,0,204
1681275358432,421,10. /test_pet_info,200,OK,HW_1 1-34,text,true,,229,322,25,25,http://162.55.220.72:5005/test_pet_info,421,0,206
1681275358438,415,5. /object_info_2,200,OK,HW_1 1-46,text,true,,470,166,25,25,http://162.55.220.72:5005/object_info_2?name=John&age=27&salary=10000,414,0,200
1681275358431,403,11. /get_test_user,200,OK,HW_1 1-30,text,true,,371,1018,25,25,http://162.55.220.72:5005/get_test_user,402,0,199
1681275358435,406,6. /object_info_3,200,OK,HW_1 1-42,text,true,,526,166,25,25,http://162.55.220.72:5005/object_info_3?name=John&age=27&salary=10000,406,0,200
1681275358581,404,4. /object_info_1,200,OK,HW_1 1-43,text,true,,229,163,23,23,http://162.55.220.72:5005/object_info_1?name=John&age=27&weight=80,404,0,201
1681275358654,412,4. /object_info_1,200,OK,HW_1 1-49,text,true,,229,163,23,23,http://162.55.220.72:5005/object_info_1?name=John&age=27&weight=80,411,0,209
1681275357955,1300,9. /new_data,200,OK,HW_1 1-33,text,true,,239,1019,23,23,http://162.55.220.72:5005/new_data,1299,0,200
1681275358986,454,5. /object_info_2,200,OK,HW_1 1-43,text,true,,470,166,23,23,http://162.55.220.72:5005/object_info_2?name=John&age=27&salary=10000,454,0,224
1681275359066,405,5. /object_info_2,200,OK,HW_1 1-49,text,true,,470,166,23,23,http://162.55.220.72:5005/object_info_2?name=John&age=27&salary=10000,405,0,203
1681275358955,485,11. /get_test_user,200,OK,HW_1 1-34,text,true,,371,1042,23,23,http://162.55.220.72:5005/get_test_user,484,0,227
1681275358953,483,8. /login,200,OK,HW_1 1-40,text,true,,219,622,23,23,http://162.55.220.72:5005/login,483,0,229
1681275358954,462,4. /object_info_1,200,OK,HW_1 1-50,text,true,,229,163,23,23,http://162.55.220.72:5005/object_info_1?name=John&age=27&weight=80,461,0,224
1681275358954,462,6. /object_info_3,200,OK,HW_1 1-45,text,true,,526,166,23,23,http://162.55.220.72:5005/object_info_3?name=John&age=27&salary=10000,461,0,219
1681275358954,457,9. /new_data,200,OK,HW_1 1-38,text,true,,239,983,23,23,http://162.55.220.72:5005/new_data,457,0,224
1681275358953,444,5. /object_info_2,200,OK,HW_1 1-47,text,true,,470,166,23,23,http://162.55.220.72:5005/object_info_2?name=John&age=27&salary=10000,444,0,223
1681275358953,444,8. /login,200,OK,HW_1 1-39,text,true,,218,602,23,23,http://162.55.220.72:5005/login,444,0,218
1681275358953,440,7. /object_info_4,200,OK,HW_1 1-44,text,true,,239,166,23,23,http://162.55.220.72:5005/object_info_4?name=John&age=27&salary=10000,440,0,218
1681275358953,444,10. /test_pet_info,200,OK,HW_1 1-36,text,true,,229,322,23,23,http://162.55.220.72:5005/test_pet_info,444,0,218
1681275358955,420,6. /object_info_3,200,OK,HW_1 1-46,text,true,,526,166,23,23,http://162.55.220.72:5005/object_info_3?name=John&age=27&salary=10000,420,0,211
1681275358955,411,7. /object_info_4,200,OK,HW_1 1-42,text,true,,239,166,23,23,http://162.55.220.72:5005/object_info_4?name=John&age=27&salary=10000,411,0,204
1681275358954,412,9. /new_data,200,OK,HW_1 1-37,text,true,,239,1025,23,23,http://162.55.220.72:5005/new_data,412,0,205
1681275358953,406,8. /login,200,OK,HW_1 1-41,text,true,,219,598,23,23,http://162.55.220.72:5005/login,406,0,197
1681275358953,404,10. /test_pet_info,200,OK,HW_1 1-35,text,true,,229,322,23,23,http://162.55.220.72:5005/test_pet_info,404,0,197
1681275357967,1366,11. /get_test_user,200,OK,HW_1 1-29,text,true,,371,988,23,23,http://162.55.220.72:5005/get_test_user,1365,0,215
1681275359255,408,10. /test_pet_info,200,OK,HW_1 1-33,text,true,,229,322,21,21,http://162.55.220.72:5005/test_pet_info,407,0,202
1681275359495,441,11. /get_test_user,200,OK,HW_1 1-36,text,true,,371,1024,21,21,http://162.55.220.72:5005/get_test_user,441,0,212
1681275359496,444,8. /login,200,OK,HW_1 1-42,text,true,,219,634,21,21,http://162.55.220.72:5005/login,444,0,211
1681275359496,440,9. /new_data,200,OK,HW_1 1-41,text,true,,239,1001,21,21,http://162.55.220.72:5005/new_data,440,0,211
1681275359494,435,10. /test_pet_info,200,OK,HW_1 1-38,text,true,,229,322,21,21,http://162.55.220.72:5005/test_pet_info,435,0,213
1681275359496,423,7. /object_info_4,200,OK,HW_1 1-46,text,true,,239,166,21,21,http://162.55.220.72:5005/object_info_4?name=John&age=27&salary=10000,423,0,211
1681275359496,420,10. /test_pet_info,200,OK,HW_1 1-37,text,true,,229,322,21,21,http://162.55.220.72:5005/test_pet_info,420,0,203
1681275359494,415,5. /object_info_2,200,OK,HW_1 1-50,text,true,,470,166,21,21,http://162.55.220.72:5005/object_info_2?name=John&age=27&salary=10000,415,0,203
1681275359494,459,6. /object_info_3,200,OK,HW_1 1-43,text,true,,526,166,20,20,http://162.55.220.72:5005/object_info_3?name=John&age=27&salary=10000,459,0,218
1681275359494,462,7. /object_info_4,200,OK,HW_1 1-45,text,true,,239,166,20,20,http://162.55.220.72:5005/object_info_4?name=John&age=27&salary=10000,462,0,223
1681275359495,465,6. /object_info_3,200,OK,HW_1 1-49,text,true,,526,166,20,20,http://162.55.220.72:5005/object_info_3?name=John&age=27&salary=10000,465,0,222
1681275359495,474,6. /object_info_3,200,OK,HW_1 1-47,text,true,,526,166,20,20,http://162.55.220.72:5005/object_info_3?name=John&age=27&salary=10000,474,0,224
1681275359494,487,9. /new_data,200,OK,HW_1 1-40,text,true,,239,995,20,20,http://162.55.220.72:5005/new_data,487,0,225
1681275359495,489,8. /login,200,OK,HW_1 1-44,text,true,,219,638,20,20,http://162.55.220.72:5005/login,488,0,225
1681275359497,492,11. /get_test_user,200,OK,HW_1 1-35,text,true,,371,1012,20,20,http://162.55.220.72:5005/get_test_user,492,0,244
1681275359495,494,9. /new_data,200,OK,HW_1 1-39,text,true,,239,995,20,20,http://162.55.220.72:5005/new_data,494,0,232
1681275359663,462,11. /get_test_user,200,OK,HW_1 1-33,text,true,,371,1006,19,19,http://162.55.220.72:5005/get_test_user,462,0,230
1681275359969,460,7. /object_info_4,200,OK,HW_1 1-47,text,true,,239,166,18,18,http://162.55.220.72:5005/object_info_4?name=John&age=27&salary=10000,460,0,230
1681275359943,471,6. /object_info_3,200,OK,HW_1 1-50,text,true,,526,166,18,18,http://162.55.220.72:5005/object_info_3?name=John&age=27&salary=10000,471,0,231
1681275359942,471,9. /new_data,200,OK,HW_1 1-42,text,true,,239,989,18,18,http://162.55.220.72:5005/new_data,471,0,230
1681275359953,456,7. /object_info_4,200,OK,HW_1 1-43,text,true,,239,166,18,18,http://162.55.220.72:5005/object_info_4?name=John&age=27&salary=10000,456,0,221
1681275359942,467,10. /test_pet_info,200,OK,HW_1 1-41,text,true,,229,322,18,18,http://162.55.220.72:5005/test_pet_info,467,0,225
1681275359982,426,10. /test_pet_info,200,OK,HW_1 1-40,text,true,,229,322,18,18,http://162.55.220.72:5005/test_pet_info,426,0,210
1681275359960,443,7. /object_info_4,200,OK,HW_1 1-49,text,true,,239,166,18,18,http://162.55.220.72:5005/object_info_4?name=John&age=27&salary=10000,443,0,218
1681275359984,409,9. /new_data,200,OK,HW_1 1-44,text,true,,239,1025,18,18,http://162.55.220.72:5005/new_data,409,0,204
1681275359957,431,8. /login,200,OK,HW_1 1-45,text,true,,219,606,18,18,http://162.55.220.72:5005/login,431,0,208
1681275359990,398,10. /test_pet_info,200,OK,HW_1 1-39,text,true,,229,322,18,18,http://162.55.220.72:5005/test_pet_info,398,0,195
1681275359943,443,11. /get_test_user,200,OK,HW_1 1-37,text,true,,371,1018,18,18,http://162.55.220.72:5005/get_test_user,443,0,216
1681275359942,422,8. /login,200,OK,HW_1 1-46,text,true,,219,622,18,18,http://162.55.220.72:5005/login,422,0,210
1681275359942,413,11. /get_test_user,200,OK,HW_1 1-38,text,true,,371,1012,18,18,http://162.55.220.72:5005/get_test_user,413,0,203
1681275360443,512,8. /login,200,OK,HW_1 1-43,text,true,,218,638,16,16,http://162.55.220.72:5005/login,512,0,230
1681275360443,507,10. /test_pet_info,200,OK,HW_1 1-42,text,true,,229,322,16,16,http://162.55.220.72:5005/test_pet_info,506,0,230
1681275360444,507,10. /test_pet_info,200,OK,HW_1 1-44,text,true,,229,322,16,16,http://162.55.220.72:5005/test_pet_info,506,0,230
1681275360443,497,11. /get_test_user,200,OK,HW_1 1-40,text,true,,371,1006,16,16,http://162.55.220.72:5005/get_test_user,497,0,222
1681275360444,497,8. /login,200,OK,HW_1 1-49,text,true,,219,634,16,16,http://162.55.220.72:5005/login,496,0,221
1681275360444,480,9. /new_data,200,OK,HW_1 1-45,text,true,,239,1007,16,16,http://162.55.220.72:5005/new_data,479,0,221
1681275360445,479,9. /new_data,200,OK,HW_1 1-46,text,true,,239,983,16,16,http://162.55.220.72:5005/new_data,479,0,220
1681275360443,475,11. /get_test_user,200,OK,HW_1 1-41,text,true,,371,1000,16,16,http://162.55.220.72:5005/get_test_user,475,0,225
1681275360443,467,7. /object_info_4,200,OK,HW_1 1-50,text,true,,239,166,16,16,http://162.55.220.72:5005/object_info_4?name=John&age=27&salary=10000,467,0,221
1681275360444,447,11. /get_test_user,200,OK,HW_1 1-39,text,true,,371,994,16,16,http://162.55.220.72:5005/get_test_user,447,0,220
1681275360443,446,8. /login,200,OK,HW_1 1-47,text,true,,218,610,16,16,http://162.55.220.72:5005/login,445,0,221
1681275361034,440,10. /test_pet_info,200,OK,HW_1 1-45,text,true,,229,322,13,13,http://162.55.220.72:5005/test_pet_info,440,0,214
1681275361034,398,10. /test_pet_info,200,OK,HW_1 1-46,text,true,,229,322,13,13,http://162.55.220.72:5005/test_pet_info,398,0,196
1681275361035,422,8. /login,200,OK,HW_1 1-50,text,true,,219,622,13,13,http://162.55.220.72:5005/login,421,0,206
1681275361033,399,11. /get_test_user,200,OK,HW_1 1-42,text,true,,371,1036,13,13,http://162.55.220.72:5005/get_test_user,399,0,197
1681275361035,467,9. /new_data,200,OK,HW_1 1-47,text,true,,239,1037,12,12,http://162.55.220.72:5005/new_data,467,0,218
1681275361033,469,9. /new_data,200,OK,HW_1 1-43,text,true,,239,1031,12,12,http://162.55.220.72:5005/new_data,469,0,223
1681275361033,482,11. /get_test_user,200,OK,HW_1 1-44,text,true,,371,1000,12,12,http://162.55.220.72:5005/get_test_user,482,0,230
1681275361034,481,9. /new_data,200,OK,HW_1 1-49,text,true,,239,989,12,12,http://162.55.220.72:5005/new_data,481,0,229
1681275361500,456,11. /get_test_user,200,OK,HW_1 1-46,text,true,,371,1042,11,11,http://162.55.220.72:5005/get_test_user,456,0,231
1681275361502,469,10. /test_pet_info,200,OK,HW_1 1-43,text,true,,229,322,11,11,http://162.55.220.72:5005/test_pet_info,469,0,239
1681275361502,471,10. /test_pet_info,200,OK,HW_1 1-47,text,true,,229,322,11,11,http://162.55.220.72:5005/test_pet_info,471,0,240
1681275361500,454,11. /get_test_user,200,OK,HW_1 1-45,text,true,,371,982,11,11,http://162.55.220.72:5005/get_test_user,454,0,228
1681275361500,454,9. /new_data,200,OK,HW_1 1-50,text,true,,239,1007,11,11,http://162.55.220.72:5005/new_data,454,0,227
1681275361515,407,10. /test_pet_info,200,OK,HW_1 1-49,text,true,,229,322,11,11,http://162.55.220.72:5005/test_pet_info,407,0,203
1681275362003,439,10. /test_pet_info,200,OK,HW_1 1-50,text,true,,229,322,9,9,http://162.55.220.72:5005/test_pet_info,439,0,217
1681275362002,423,11. /get_test_user,200,OK,HW_1 1-43,text,true,,371,1042,9,9,http://162.55.220.72:5005/get_test_user,423,0,211
1681275362003,398,11. /get_test_user,200,OK,HW_1 1-49,text,true,,371,1012,9,9,http://162.55.220.72:5005/get_test_user,398,0,196
1681275362002,439,11. /get_test_user,200,OK,HW_1 1-47,text,true,,371,1000,9,9,http://162.55.220.72:5005/get_test_user,438,0,217
1681275362498,453,11. /get_test_user,200,OK,HW_1 1-50,text,true,,371,994,6,6,http://162.55.220.72:5005/get_test_user,453,0,224
1681275357010,9204,7. /object_info_4,200,OK,HW_1 1-32,text,true,,239,166,5,5,http://162.55.220.72:5005/object_info_4?name=John&age=27&salary=10000,9203,0,6260
1681275366215,613,8. /login,200,OK,HW_1 1-32,text,true,,217,622,5,5,http://162.55.220.72:5005/login,613,0,308
1681275366828,614,9. /new_data,200,OK,HW_1 1-32,text,true,,239,1031,5,5,http://162.55.220.72:5005/new_data,614,0,308
1681275367443,510,10. /test_pet_info,200,OK,HW_1 1-32,text,true,,229,322,5,5,http://162.55.220.72:5005/test_pet_info,510,0,217
1681275368099,2005,11. /get_test_user,200,OK,HW_1 1-32,text,true,,371,1006,5,5,http://162.55.220.72:5005/get_test_user,2005,0,264
1681275348124,26898,1. /get_method,200,OK,HW_1 1-3,text,true,,168,150,4,4,http://162.55.220.72:5005/get_method?name=John&age=27,26898,0,231
1681275375023,612,2. /user_info_2,200,OK,HW_1 1-3,text,true,,470,805,4,4,http://162.55.220.72:5005/user_info_2,612,0,305
1681275351484,24355,5. /object_info_2,200,OK,HW_1 1-11,text,true,,470,166,4,4,http://162.55.220.72:5005/object_info_2?name=John&age=27&salary=10000,24355,0,230
1681275375634,427,3. /user_info_3,200,OK,HW_1 1-3,text,true,,371,785,4,4,http://162.55.220.72:5005/user_info_3,427,0,210
1681275375839,440,6. /object_info_3,200,OK,HW_1 1-11,text,true,,526,166,4,4,http://162.55.220.72:5005/object_info_3?name=John&age=27&salary=10000,440,0,219
1681275376237,626,4. /object_info_1,200,OK,HW_1 1-3,text,true,,229,163,4,4,http://162.55.220.72:5005/object_info_1?name=John&age=27&weight=80,625,0,325
1681275376279,584,7. /object_info_4,200,OK,HW_1 1-11,text,true,,239,166,4,4,http://162.55.220.72:5005/object_info_4?name=John&age=27&salary=10000,583,0,283
1681275376863,518,8. /login,200,OK,HW_1 1-11,text,true,,219,638,4,4,http://162.55.220.72:5005/login,518,0,307
1681275376863,523,5. /object_info_2,200,OK,HW_1 1-3,text,true,,470,166,4,4,http://162.55.220.72:5005/object_info_2?name=John&age=27&salary=10000,523,0,307
1681275377381,508,9. /new_data,200,OK,HW_1 1-11,text,true,,239,1031,4,4,http://162.55.220.72:5005/new_data,508,0,206
1681275377386,504,6. /object_info_3,200,OK,HW_1 1-3,text,true,,526,166,4,4,http://162.55.220.72:5005/object_info_3?name=John&age=27&salary=10000,503,0,225
1681275377890,471,10. /test_pet_info,200,OK,HW_1 1-11,text,true,,229,322,4,4,http://162.55.220.72:5005/test_pet_info,471,0,201
1681275377890,471,7. /object_info_4,200,OK,HW_1 1-3,text,true,,239,166,4,4,http://162.55.220.72:5005/object_info_4?name=John&age=27&salary=10000,471,0,223
1681275378361,552,11. /get_test_user,200,OK,HW_1 1-11,text,true,,371,1024,4,4,http://162.55.220.72:5005/get_test_user,552,0,243
1681275378362,551,8. /login,200,OK,HW_1 1-3,text,true,,219,634,4,4,http://162.55.220.72:5005/login,551,0,242
1681275357951,21029,3. /user_info_3,Non HTTP response code: org.apache.http.conn.HttpHostConnectException,Non HTTP response message: Connect to 162.55.220.72:5005 [/162.55.220.72] failed: Connection timed out: connect,HW_1 1-48,text,false,,2717,0,3,3,http://162.55.220.72:5005/user_info_3,0,0,21028
1681275378914,465,9. /new_data,200,OK,HW_1 1-3,text,true,,239,1031,3,3,http://162.55.220.72:5005/new_data,464,0,226
1681275378982,462,4. /object_info_1,200,OK,HW_1 1-48,text,true,,229,163,3,3,http://162.55.220.72:5005/object_info_1?name=John&age=27&weight=80,462,0,230
1681275379444,452,5. /object_info_2,200,OK,HW_1 1-48,text,true,,470,166,3,3,http://162.55.220.72:5005/object_info_2?name=John&age=27&salary=10000,452,0,225
1681275379897,466,6. /object_info_3,200,OK,HW_1 1-48,text,true,,526,166,3,3,http://162.55.220.72:5005/object_info_3?name=John&age=27&salary=10000,466,0,231
1681275380365,1626,7. /object_info_4,200,OK,HW_1 1-48,text,true,,239,166,3,3,http://162.55.220.72:5005/object_info_4?name=John&age=27&salary=10000,1626,0,288
1681275381992,444,8. /login,200,OK,HW_1 1-48,text,true,,219,630,3,3,http://162.55.220.72:5005/login,444,0,221
1681275379379,3348,10. /test_pet_info,200,OK,HW_1 1-3,text,true,,229,322,3,3,http://162.55.220.72:5005/test_pet_info,3348,0,248
1681275382437,493,9. /new_data,200,OK,HW_1 1-48,text,true,,239,995,3,3,http://162.55.220.72:5005/new_data,492,0,273
1681275382930,401,10. /test_pet_info,200,OK,HW_1 1-48,text,true,,229,322,3,3,http://162.55.220.72:5005/test_pet_info,401,0,198
1681275382810,435,11. /get_test_user,200,OK,HW_1 1-3,text,true,,371,1000,3,3,http://162.55.220.72:5005/get_test_user,435,0,213
1681275383392,442,11. /get_test_user,200,OK,HW_1 1-48,text,true,,371,1036,2,2,http://162.55.220.72:5005/get_test_user,441,0,216
1681275355438,31312,9. /new_data,200,OK,HW_1 1-21,text,true,,239,995,1,1,http://162.55.220.72:5005/new_data,31312,0,210
1681275386750,480,10. /test_pet_info,200,OK,HW_1 1-21,text,true,,229,322,1,1,http://162.55.220.72:5005/test_pet_info,480,0,249
1681275387412,441,11. /get_test_user,200,OK,HW_1 1-21,text,true,,371,1024,1,1,http://162.55.220.72:5005/get_test_user,440,0,232
